"","Study","Coef_names","Coefficients","CI_Upper","CI_Lower","P_Value","Standard_Error"
"1","True
Low Quality","Between",0.466921808713097,0.608925205387207,0.324918412038986,"0","0.072"
"2","True
Mainstream","Between",0.304064099653234,0.410379132438661,0.197749066867806,"0","0.0545"
"3","False/
Misleading","Between",0.161182329486056,0.319353105844122,0.00301155312799045,"0.0547","0.0805"
"4","True
Low Quality","Within",0.392359871474477,0.46988225612613,0.314837486822825,"0","0.0386"
"5","True
Mainstream","Within",0.101904271744725,0.162018753261936,0.0417897902275137,"0.0012","0.0301"
"6","False/
Misleading","Within",0.241379310344827,0.331081916105229,0.151676704584426,"0","0.0445"
