"","Coef","Lower","Upper","Measure","Study","P_Value","Standard_Error","x"
"1",-0.0848,-1.036,0.8664,"Ordinal (7)","Study 1","0.849235451507615","0.436577718122077",0.1
"2",-0.1087,-0.7173,0.4999,"Ordinal (7)","Study 2","0.718388601182115","0.29876912748961",0.2
"3",-0.2347,-1.0115,0.5421,"Ordinal (7)","Study 3","0.542633041528375","0.381370630268841",0.3
"4",-0.052,-1.0332,0.9293,"Ordinal (7)","Study 4","0.910022827030576","0.450362414076753",0.4
"5",-1.2485,-2.975,0.4779,"Ordinal (7)","Study 5","0.144788659546091","0.814389961319323",0.5
