"","Study","Coefficients","CI_Upper","CI_Lower","P_Value","Standard_Error"
"1","Study 4",0.0673575129533676,0.116438993274535,0.0182760326321998,"9.04498200075825e-08","0.0747317003659999"
"2","Study 3",0.0661914460285133,0.0980231037425284,0.0343597883144982,"9.83808426745666e-18","0.0461906064202197"
"3","Study 2",0.0712871287128699,0.100184469243866,0.042389788181874,"1.33642474799335e-18","0.0517886820052434"
"4","Study 1",0.0597689630719432,0.100922078192873,0.0186158479510134,"3.25055529468747e-27","0.0422858499364512"
