"","Study","Coefficients","CI_Upper","CI_Lower","P_Value","Standard_Error"
"1","Study 4",0.26165803108808,0.422168005629253,0.101148056546908,"1.32173716906945e-49","0.26721130169374"
"2","Study 3",0.232179226069248,0.332081803245391,0.132276648893104,"3.55393832815166e-89","0.183721537495922"
"3","Study 2",0.242574257425741,0.336945588752271,0.148202926099212,"1.30449151244381e-85","0.196598449943094"
"4","Study 1",0.163217547638318,0.319320175194764,0.00711492008187206,"1.62004923743845e-152","0.1547686249448"
