"","Coef","Low_Conf","Upp_Conf","Measure","Instructions","P_Value","Standard_Error"
"1",0.089972158287887,0.0393840373902935,0.140560279185481,"False/Misleading","Treatment Group 1
","0.00267431525428542","0.0227042048355724"
"2",0.053567709057733,0.00333939548840359,0.103796022627062,"False/Misleading","Treatment Group 2
","0.0388587508052148","0.0225427214845939"
"3",0.0518758773550369,0.0237416388942091,0.0800101158158646,"False/Misleading","Treatment Group 3
","0.00211596316788793","0.0126267886921623"
"4",0.0742326619201815,0.0156983052394014,0.132767018600962,"True-Mainstream","Treatment Group 1
","0.00267431525428542","0.0227042048355724"
"5",0.0414199038455241,-0.0160692167449475,0.0989090244359958,"True-Mainstream","Treatment Group 2
","0.0388587508052148","0.0225427214845939"
"6",0.0340822920054946,-0.000224835631651779,0.068389419642641,"True-Mainstream","Treatment Group 3
","0.00211596316788793","0.0126267886921623"
"7",0.0638237400507475,-0.0023928955834772,0.130040375684972,"True-Low Quality","Treatment Group 1
","0.00267431525428542","0.0227042048355724"
"8",0.0660840747176014,0.00165250557526038,0.130515643859942,"True-Low Quality","Treatment Group 2
","0.0388587508052148","0.0225427214845939"
"9",0.0331511931434282,-0.0171437258889288,0.0834461121757853,"True-Low Quality","Treatment Group 3
","0.00211596316788793","0.0126267886921623"
