"","Coef","Lower","Upper","Measure","Study","P_Value","Standard_Error","x"
"1",-0.1435,-0.3729,0.086,"Rate as True","Study 1","0.198044513987575","0.105299151830329",0.1
"2",-0.0937,-0.2739,0.0864,"Rate as True","Study 2","0.297245059552528","0.088444921223756",0.2
"3",-0.2962,-0.5076,-0.0849,"Rate as True","Study 3","0.00749767820520053","0.103769329500824",0.3
"4",-0.0625,-0.5084,0.3833,"Rate as True","Study 4","0.765159980373735","0.105299151830329",0.4
"5",-0.2432,-0.7749,0.2885,"Rate as True","Study 5","0.346607951113539","0.250802619969256",0.5
