"","Study","Coefficients","CI_Upper","CI_Lower","P_Value","Standard_Error"
"1","Study 4",0.261658031088084,0.430178750425865,0.0931373117503024,"0.00543801687095346","0.0773452024162717"
"2","Study 3",0.232179226069247,0.38356137435168,0.0807970777868131,"0.00377411274270177","0.0743186559189431"
"3","Study 2",0.242574257425741,0.368057099197791,0.117091415653692,"0.0004171562845308","0.0616038036663948"
"4","Study 1",0.161540278391255,0.392782627119673,-0.0697020703371632,"0.153899249050347","0.106132268719813"
