"","Measure","Coefficients","CI_Upper","CI_Lower","P_Value","Standard_Error"
"1","Rate as True",0.215383806184039,0.38145911471715,0.049308497650928,"0.201250267740245","0.134428042113604"
"2","Ordinal Scale (4)",0.160502558101841,0.315615218342753,0.00538989786092945,"0.0433838988637978","0.0727254147381418"
"3","Ordinal Scale (7)",0.0948560493478187,0.245724851851177,-0.056012753155539,"0.0142541371978073","0.0388373296852481"
