"","Study","Coefficients","CI_Upper","CI_Lower","P_Value","Standard_Error"
"1","Study 4",0.0673575129533682,0.133002264189307,0.00171276171742978,"0.045148426730641","0.0301286784904624"
"2","Study 3",0.0661914460285131,0.105876492216347,0.0265063998406791,"0.00183538670738416","0.0194827416985682"
"3","Study 2",0.0712871287128716,0.103693771867192,0.0388804855585516,"8.9219937999071e-05","0.0159095255906958"
"4","Study 1",0.0567947353054622,0.109687392040705,0.00390207857021926,"0.0374160854587549","0.0242759065923626"
