"","Study","Coef_names","Coefficients","CI_Upper","CI_Lower","P_Value","Standard_Error"
"1","True
Low Quality","Between",0.149295038203254,0.191664721041257,0.10692535536525,"0","0.0212"
"2","True
Mainstream","Between",0.0601453041625286,0.0877610925493632,0.0325295157756941,"1e-04","0.0143"
"3","False/
Misleading","Between",0.0759198748304888,0.118006033768755,0.0338337158922224,"0.0013","0.0214"
"4","True
Low Quality","Within",0.0963941449482325,0.120383111696189,0.0724051782002756,"0","0.0119"
"5","True
Mainstream","Within",-0.012094698919197,0.00845757226395521,-0.0326469701023492,"0.2446","0.0103"
"6","False/
Misleading","Within",0.0685449957947854,0.0939950309197087,0.0430949606698621,"0","0.0126"
